,,,RELACION DE FACTURAS EPIFANIA JACOME XACO,,,,,,,,,,,
,,,,,,,,,,,,,,
,FECHA,FACTURA,CANTIDAD,UNIDAD  DE MEDIDA,CONCEPTO,PRECIO UNITARIO,IMPORTE,,,,,,,
,,,,,,,,,,,,,,
1,05/12/2013,15,1,N/A,MANTENIMIENTO PREVENTIVO DEL AREA GARDINADA (INCLUYE CORTE Y RIEGO PERIODICO DE PASTO Y PLANTAS FLORALES; PODADO DE ARBOLES; ABONO DE TERRENO; FUMIGACION Y ERRADICACION DE PLAGAS) DEL TERRENO DE 800 M2; SERVICIO CORRESPONDIENTE A LOS MESES DE ENERO; FEBRERO; MARZO Y ABRIL DE 2013," $1,600.00 "," $1,600.00 ",,,,,,,
,,,,,MANTENIMIENTO PREVENTIVO DEL AREA GARDINADA (INCLUYE CORTE Y RIEGO PERIODICO DE PASTO Y PLANTAS FLORALES; PODADO DE ARBOLES; ABONO DE TERRENO; FUMIGACION Y ERRADICACION DE PLAGAS) DEL TERRENO DE 800 M2; SERVICIO CORRESPONDIENTE A LOS MESES DE ENERO; FEBRERO; MARZO Y ABRIL DE 2013,,,,,,,,,
2,05/12/2013,16,1,N/A,MANTENIMIENTO PREVENTIVO DEL AREA GARDINADA (INCLUYE CORTE Y RIEGO PERIODICO DE PASTO Y PLANTAS FLORALES; PODADO DE ARBOLES; ABONO DE TERRENO; FUMIGACION Y ERRADICACION DE PLAGAS) DEL TERRENO DE 800 M2; SERVICIO CORRESPONDIENTE A LOS MESES DE ENERO; FEBRERO; MARZO Y ABRIL DE 2013," $1,600.00 "," $1,600.00 ",,,,,,,
,,,,,MANTENIMIENTO PREVENTIVO DEL AREA GARDINADA (INCLUYE CORTE Y RIEGO PERIODICO DE PASTO Y PLANTAS FLORALES; PODADO DE ARBOLES; ABONO DE TERRENO; FUMIGACION Y ERRADICACION DE PLAGAS) DEL TERRENO DE 800 M2; SERVICIO CORRESPONDIENTE A LOS MESES DE ENERO; FEBRERO; MARZO Y ABRIL DE 2013,,,,,,,,,
3,05/12/2013,17,1,N/A,MANTENIMIENTO PREVENTIVO DEL AREA GARDINADA (INCLUYE CORTE Y RIEGO PERIODICO DE PASTO Y PLANTAS FLORALES; PODADO DE ARBOLES; ABONO DE TERRENO; FUMIGACION Y ERRADICACION DE PLAGAS) DEL TERRENO DE 800 M2; SERVICIO CORRESPONDIENTE A LOS MESES DE ENERO; FEBRERO; MARZO Y ABRIL DE 2013," $1,600.00 "," $1,600.00 ",,,,,,,
,,,,,MANTENIMIENTO PREVENTIVO DEL AREA GARDINADA (INCLUYE CORTE Y RIEGO PERIODICO DE PASTO Y PLANTAS FLORALES; PODADO DE ARBOLES; ABONO DE TERRENO; FUMIGACION Y ERRADICACION DE PLAGAS) DEL TERRENO DE 800 M2; SERVICIO CORRESPONDIENTE A LOS MESES DE ENERO; FEBRERO; MARZO Y ABRIL DE 2013,,,,,,,,,
4,05/12/2013,18,1,N/A,MANTENIMIENTO PREVENTIVO DEL AREA GARDINADA (INCLUYE CORTE Y RIEGO PERIODICO DE PASTO Y PLANTAS FLORALES; PODADO DE ARBOLES; ABONO DE TERRENO; FUMIGACION Y ERRADICACION DE PLAGAS) DEL TERRENO DE 800 M2; SERVICIO CORRESPONDIENTE A LOS MESES DE ENERO; FEBRERO; MARZO Y ABRIL DE 2013," $1,600.00 "," $1,600.00 ",,,,,,,
,,,,,MANTENIMIENTO PREVENTIVO DEL AREA GARDINADA (INCLUYE CORTE Y RIEGO PERIODICO DE PASTO Y PLANTAS FLORALES; PODADO DE ARBOLES; ABONO DE TERRENO; FUMIGACION Y ERRADICACION DE PLAGAS) DEL TERRENO DE 800 M2; SERVICIO CORRESPONDIENTE A LOS MESES DE ENERO; FEBRERO; MARZO Y ABRIL DE 2013,,,,,,,,,
5,05/12/2013,19,1,N/A,MANTENIMIENTO PREVENTIVO DEL AREA GARDINADA (INCLUYE CORTE Y RIEGO PERIODICO DE PASTO Y PLANTAS FLORALES; PODADO DE ARBOLES; ABONO DE TERRENO; FUMIGACION Y ERRADICACION DE PLAGAS) DEL TERRENO DE 800 M2; SERVICIO CORRESPONDIENTE A LOS MESES DE ENERO; FEBRERO; MARZO Y ABRIL DE 2013," $1,600.00 "," $1,600.00 ",,,,,,,
,,,,,MANTENIMIENTO PREVENTIVO DEL AREA GARDINADA (INCLUYE CORTE Y RIEGO PERIODICO DE PASTO Y PLANTAS FLORALES; PODADO DE ARBOLES; ABONO DE TERRENO; FUMIGACION Y ERRADICACION DE PLAGAS) DEL TERRENO DE 800 M2; SERVICIO CORRESPONDIENTE A LOS MESES DE ENERO; FEBRERO; MARZO Y ABRIL DE 2013,,,,,,,,,
6,05/12/2013,20,1,N/A,MANTENIMIENTO PREVENTIVO DEL AREA GARDINADA (INCLUYE CORTE Y RIEGO PERIODICO DE PASTO Y PLANTAS FLORALES; PODADO DE ARBOLES; ABONO DE TERRENO; FUMIGACION Y ERRADICACION DE PLAGAS) DEL TERRENO DE 800 M2; SERVICIO CORRESPONDIENTE A LOS MESES DE ENERO; FEBRERO; MARZO Y ABRIL DE 2013," $1,600.00 "," $1,600.00 ",,,,,,,
,,,,,MANTENIMIENTO PREVENTIVO DEL AREA GARDINADA (INCLUYE CORTE Y RIEGO PERIODICO DE PASTO Y PLANTAS FLORALES; PODADO DE ARBOLES; ABONO DE TERRENO; FUMIGACION Y ERRADICACION DE PLAGAS) DEL TERRENO DE 800 M2; SERVICIO CORRESPONDIENTE A LOS MESES DE ENERO; FEBRERO; MARZO Y ABRIL DE 2013,,,,,,,,,
7,05/12/2013,21,1,N/A,MANTENIMIENTO PREVENTIVO DEL AREA GARDINADA (INCLUYE CORTE Y RIEGO PERIODICO DE PASTO Y PLANTAS FLORALES; PODADO DE ARBOLES; ABONO DE TERRENO; FUMIGACION Y ERRADICACION DE PLAGAS) DEL TERRENO DE 800 M2; SERVICIO CORRESPONDIENTE A LOS MESES DE ENERO; FEBRERO; MARZO Y ABRIL DE 2013," $1,600.00 "," $1,600.00 ",,,,,,,
,,,,,MANTENIMIENTO PREVENTIVO DEL AREA GARDINADA (INCLUYE CORTE Y RIEGO PERIODICO DE PASTO Y PLANTAS FLORALES; PODADO DE ARBOLES; ABONO DE TERRENO; FUMIGACION Y ERRADICACION DE PLAGAS) DEL TERRENO DE 800 M2; SERVICIO CORRESPONDIENTE A LOS MESES DE ENERO; FEBRERO; MARZO Y ABRIL DE 2013,,,,,,,,,
8,05/12/2013,22,1,N/A,MANTENIMIENTO PREVENTIVO DEL AREA GARDINADA (INCLUYE CORTE Y RIEGO PERIODICO DE PASTO Y PLANTAS FLORALES; PODADO DE ARBOLES; ABONO DE TERRENO; FUMIGACION Y ERRADICACION DE PLAGAS) DEL TERRENO DE 800 M2; SERVICIO CORRESPONDIENTE A LOS MESES DE ENERO; FEBRERO; MARZO Y ABRIL DE 2013," $1,600.00 "," $1,600.00 ",,,,,,,
,,,,,,,,,,,,,,
9,05/12/2013,23,1,N/A,MANTENIMIENTO PREVENTIVO DEL AREA GARDINADA (INCLUYE CORTE Y RIEGO PERIODICO DE PASTO Y PLANTAS FLORALES; PODADO DE ARBOLES; ABONO DE TERRENO; FUMIGACION Y ERRADICACION DE PLAGAS) DEL TERRENO DE 800 M2; SERVICIO CORRESPONDIENTE A LO MESES DE MAYO; JUNIO; JULIO Y AGOSTO DE 2013," $1,600.00 "," $1,600.00 ",,,,,,,
,,,,,MANTENIMIENTO PREVENTIVO DEL AREA GARDINADA (INCLUYE CORTE Y RIEGO PERIODICO DE PASTO Y PLANTAS FLORALES; PODADO DE ARBOLES; ABONO DE TERRENO; FUMIGACION Y ERRADICACION DE PLAGAS) DEL TERRENO DE 800 M2; SERVICIO CORRESPONDIENTE A LO MESES DE MAYO; JUNIO; JULIO Y AGOSTO DE 2013,,,,,,,,,
10,05/12/2013,24,1,N/A,MANTENIMIENTO PREVENTIVO DEL AREA GARDINADA (INCLUYE CORTE Y RIEGO PERIODICO DE PASTO Y PLANTAS FLORALES; PODADO DE ARBOLES; ABONO DE TERRENO; FUMIGACION Y ERRADICACION DE PLAGAS) DEL TERRENO DE 800 M2; SERVICIO CORRESPONDIENTE A LO MESES DE MAYO; JUNIO; JULIO Y AGOSTO DE 2013," $1,600.00 "," $1,600.00 ",,,,,,,
,,,,,MANTENIMIENTO PREVENTIVO DEL AREA GARDINADA (INCLUYE CORTE Y RIEGO PERIODICO DE PASTO Y PLANTAS FLORALES; PODADO DE ARBOLES; ABONO DE TERRENO; FUMIGACION Y ERRADICACION DE PLAGAS) DEL TERRENO DE 800 M2; SERVICIO CORRESPONDIENTE A LO MESES DE MAYO; JUNIO; JULIO Y AGOSTO DE 2013,,,,,,,,,
11,05/12/2013,25,1,N/A,MANTENIMIENTO PREVENTIVO DEL AREA GARDINADA (INCLUYE CORTE Y RIEGO PERIODICO DE PASTO Y PLANTAS FLORALES; PODADO DE ARBOLES; ABONO DE TERRENO; FUMIGACION Y ERRADICACION DE PLAGAS) DEL TERRENO DE 800 M2; SERVICIO CORRESPONDIENTE A LO MESES DE MAYO; JUNIO; JULIO Y AGOSTO DE 2013," $1,600.00 "," $1,600.00 ",,,,,,,
,,,,,MANTENIMIENTO PREVENTIVO DEL AREA GARDINADA (INCLUYE CORTE Y RIEGO PERIODICO DE PASTO Y PLANTAS FLORALES; PODADO DE ARBOLES; ABONO DE TERRENO; FUMIGACION Y ERRADICACION DE PLAGAS) DEL TERRENO DE 800 M2; SERVICIO CORRESPONDIENTE A LO MESES DE MAYO; JUNIO; JULIO Y AGOSTO DE 2013,,,,,,,,,
12,05/12/2013,26,1,N/A,MANTENIMIENTO PREVENTIVO DEL AREA GARDINADA (INCLUYE CORTE Y RIEGO PERIODICO DE PASTO Y PLANTAS FLORALES; PODADO DE ARBOLES; ABONO DE TERRENO; FUMIGACION Y ERRADICACION DE PLAGAS) DEL TERRENO DE 800 M2; SERVICIO CORRESPONDIENTE A LO MESES DE MAYO; JUNIO; JULIO Y AGOSTO DE 2013," $1,600.00 "," $1,600.00 ",,,,,,,
,,,,,MANTENIMIENTO PREVENTIVO DEL AREA GARDINADA (INCLUYE CORTE Y RIEGO PERIODICO DE PASTO Y PLANTAS FLORALES; PODADO DE ARBOLES; ABONO DE TERRENO; FUMIGACION Y ERRADICACION DE PLAGAS) DEL TERRENO DE 800 M2; SERVICIO CORRESPONDIENTE A LO MESES DE MAYO; JUNIO; JULIO Y AGOSTO DE 2013,,,,,,,,,
13,05/12/2013,27,1,N/A,MANTENIMIENTO PREVENTIVO DEL AREA GARDINADA (INCLUYE CORTE Y RIEGO PERIODICO DE PASTO Y PLANTAS FLORALES; PODADO DE ARBOLES; ABONO DE TERRENO; FUMIGACION Y ERRADICACION DE PLAGAS) DEL TERRENO DE 800 M2; SERVICIO CORRESPONDIENTE A LO MESES DE MAYO; JUNIO; JULIO Y AGOSTO DE 2013," $1,600.00 "," $1,600.00 ",,,,,,,
,,,,,MANTENIMIENTO PREVENTIVO DEL AREA GARDINADA (INCLUYE CORTE Y RIEGO PERIODICO DE PASTO Y PLANTAS FLORALES; PODADO DE ARBOLES; ABONO DE TERRENO; FUMIGACION Y ERRADICACION DE PLAGAS) DEL TERRENO DE 800 M2; SERVICIO CORRESPONDIENTE A LO MESES DE MAYO; JUNIO; JULIO Y AGOSTO DE 2013,,,,,,,,,
14,05/12/2013,28,1,N/A,MANTENIMIENTO PREVENTIVO DEL AREA GARDINADA (INCLUYE CORTE Y RIEGO PERIODICO DE PASTO Y PLANTAS FLORALES; PODADO DE ARBOLES; ABONO DE TERRENO; FUMIGACION Y ERRADICACION DE PLAGAS) DEL TERRENO DE 800 M2; SERVICIO CORRESPONDIENTE A LO MESES DE MAYO; JUNIO; JULIO Y AGOSTO DE 2013," $1,600.00 "," $1,600.00 ",,,,,,,
,,,,,MANTENIMIENTO PREVENTIVO DEL AREA GARDINADA (INCLUYE CORTE Y RIEGO PERIODICO DE PASTO Y PLANTAS FLORALES; PODADO DE ARBOLES; ABONO DE TERRENO; FUMIGACION Y ERRADICACION DE PLAGAS) DEL TERRENO DE 800 M2; SERVICIO CORRESPONDIENTE A LO MESES DE MAYO; JUNIO; JULIO Y AGOSTO DE 2013,,,,,,,,,
15,05/12/2013,29,1,N/A,MANTENIMIENTO PREVENTIVO DEL AREA GARDINADA (INCLUYE CORTE Y RIEGO PERIODICO DE PASTO Y PLANTAS FLORALES; PODADO DE ARBOLES; ABONO DE TERRENO; FUMIGACION Y ERRADICACION DE PLAGAS) DEL TERRENO DE 800 M2; SERVICIO CORRESPONDIENTE A LO MESES DE MAYO; JUNIO; JULIO Y AGOSTO DE 2013," $1,600.00 "," $1,600.00 ",,,,,,,
,,,,,MANTENIMIENTO PREVENTIVO DEL AREA GARDINADA (INCLUYE CORTE Y RIEGO PERIODICO DE PASTO Y PLANTAS FLORALES; PODADO DE ARBOLES; ABONO DE TERRENO; FUMIGACION Y ERRADICACION DE PLAGAS) DEL TERRENO DE 800 M2; SERVICIO CORRESPONDIENTE A LO MESES DE MAYO; JUNIO; JULIO Y AGOSTO DE 2013,,,,,,,,,
16,05/12/2013,30,1,N/A,MANTENIMIENTO PREVENTIVO DEL AREA GARDINADA (INCLUYE CORTE Y RIEGO PERIODICO DE PASTO Y PLANTAS FLORALES; PODADO DE ARBOLES; ABONO DE TERRENO; FUMIGACION Y ERRADICACION DE PLAGAS) DEL TERRENO DE 800 M2; SERVICIO CORRESPONDIENTE A LO MESES DE MAYO; JUNIO; JULIO Y AGOSTO DE 2013," $1,600.00 "," $1,600.00 ",,,,,,,
,,,,,,,,,,,,,,
17,05/12/2013,31,1,N/A,MANTENIMIENTO PREVENTIVO DEL AREA GARDINADA (INCLUYE CORTE Y RIEGO PERIODICO DE PASTO Y PLANTAS FLORALES; PODADO DE ARBOLES; ABONO DE TERRENO; FUMIGACION Y ERRADICACION DE PLAGAS) DEL TERRENO DE 800 M2 SERVICIO CORRESPONDIENTE A LOS MESES DE SEPTIEMBRE; OCTUBRE; NOVIEMBRE Y DICIEMBRE DE 2013," $1,600.00 "," $1,600.00 ",,,,,,,
,,,,,MANTENIMIENTO PREVENTIVO DEL AREA GARDINADA (INCLUYE CORTE Y RIEGO PERIODICO DE PASTO Y PLANTAS FLORALES; PODADO DE ARBOLES; ABONO DE TERRENO; FUMIGACION Y ERRADICACION DE PLAGAS) DEL TERRENO DE 800 M2 SERVICIO CORRESPONDIENTE A LOS MESES DE SEPTIEMBRE; OCTUBRE; NOVIEMBRE Y DICIEMBRE DE 2013,,,,,,,,,
18,05/12/2013,32,1,N/A,MANTENIMIENTO PREVENTIVO DEL AREA GARDINADA (INCLUYE CORTE Y RIEGO PERIODICO DE PASTO Y PLANTAS FLORALES; PODADO DE ARBOLES; ABONO DE TERRENO; FUMIGACION Y ERRADICACION DE PLAGAS) DEL TERRENO DE 800 M2 SERVICIO CORRESPONDIENTE A LOS MESES DE SEPTIEMBRE; OCTUBRE; NOVIEMBRE Y DICIEMBRE DE 2013," $1,600.00 "," $1,600.00 ",,,,,,,
,,,,,MANTENIMIENTO PREVENTIVO DEL AREA GARDINADA (INCLUYE CORTE Y RIEGO PERIODICO DE PASTO Y PLANTAS FLORALES; PODADO DE ARBOLES; ABONO DE TERRENO; FUMIGACION Y ERRADICACION DE PLAGAS) DEL TERRENO DE 800 M2 SERVICIO CORRESPONDIENTE A LOS MESES DE SEPTIEMBRE; OCTUBRE; NOVIEMBRE Y DICIEMBRE DE 2013,,,,,,,,,
19,05/12/2013,33,1,N/A,MANTENIMIENTO PREVENTIVO DEL AREA GARDINADA (INCLUYE CORTE Y RIEGO PERIODICO DE PASTO Y PLANTAS FLORALES; PODADO DE ARBOLES; ABONO DE TERRENO; FUMIGACION Y ERRADICACION DE PLAGAS) DEL TERRENO DE 800 M2 SERVICIO CORRESPONDIENTE A LOS MESES DE SEPTIEMBRE; OCTUBRE; NOVIEMBRE Y DICIEMBRE DE 2013," $1,600.00 "," $1,600.00 ",,,,,,,
,,,,,MANTENIMIENTO PREVENTIVO DEL AREA GARDINADA (INCLUYE CORTE Y RIEGO PERIODICO DE PASTO Y PLANTAS FLORALES; PODADO DE ARBOLES; ABONO DE TERRENO; FUMIGACION Y ERRADICACION DE PLAGAS) DEL TERRENO DE 800 M2 SERVICIO CORRESPONDIENTE A LOS MESES DE SEPTIEMBRE; OCTUBRE; NOVIEMBRE Y DICIEMBRE DE 2013,,,,,,,,,
20,05/12/2013,34,1,N/A,MANTENIMIENTO PREVENTIVO DEL AREA GARDINADA (INCLUYE CORTE Y RIEGO PERIODICO DE PASTO Y PLANTAS FLORALES; PODADO DE ARBOLES; ABONO DE TERRENO; FUMIGACION Y ERRADICACION DE PLAGAS) DEL TERRENO DE 800 M2 SERVICIO CORRESPONDIENTE A LOS MESES DE SEPTIEMBRE; OCTUBRE; NOVIEMBRE Y DICIEMBRE DE 2013," $1,600.00 "," $1,600.00 ",,,,,,,
,,,,,MANTENIMIENTO PREVENTIVO DEL AREA GARDINADA (INCLUYE CORTE Y RIEGO PERIODICO DE PASTO Y PLANTAS FLORALES; PODADO DE ARBOLES; ABONO DE TERRENO; FUMIGACION Y ERRADICACION DE PLAGAS) DEL TERRENO DE 800 M2 SERVICIO CORRESPONDIENTE A LOS MESES DE SEPTIEMBRE; OCTUBRE; NOVIEMBRE Y DICIEMBRE DE 2013,,,,,,,,,
21,05/12/2013,35,1,N/A,MANTENIMIENTO PREVENTIVO DEL AREA GARDINADA (INCLUYE CORTE Y RIEGO PERIODICO DE PASTO Y PLANTAS FLORALES; PODADO DE ARBOLES; ABONO DE TERRENO; FUMIGACION Y ERRADICACION DE PLAGAS) DEL TERRENO DE 800 M2 SERVICIO CORRESPONDIENTE A LOS MESES DE SEPTIEMBRE; OCTUBRE; NOVIEMBRE Y DICIEMBRE DE 2013," $1,600.00 "," $1,600.00 ",,,,,,,
,,,,,MANTENIMIENTO PREVENTIVO DEL AREA GARDINADA (INCLUYE CORTE Y RIEGO PERIODICO DE PASTO Y PLANTAS FLORALES; PODADO DE ARBOLES; ABONO DE TERRENO; FUMIGACION Y ERRADICACION DE PLAGAS) DEL TERRENO DE 800 M2 SERVICIO CORRESPONDIENTE A LOS MESES DE SEPTIEMBRE; OCTUBRE; NOVIEMBRE Y DICIEMBRE DE 2013,,,,,,,,,
22,05/12/2013,36,1,N/A,MANTENIMIENTO PREVENTIVO DEL AREA GARDINADA (INCLUYE CORTE Y RIEGO PERIODICO DE PASTO Y PLANTAS FLORALES; PODADO DE ARBOLES; ABONO DE TERRENO; FUMIGACION Y ERRADICACION DE PLAGAS) DEL TERRENO DE 800 M2 SERVICIO CORRESPONDIENTE A LOS MESES DE SEPTIEMBRE; OCTUBRE; NOVIEMBRE Y DICIEMBRE DE 2013," $1,600.00 "," $1,600.00 ",,,,,,,
,,,,,MANTENIMIENTO PREVENTIVO DEL AREA GARDINADA (INCLUYE CORTE Y RIEGO PERIODICO DE PASTO Y PLANTAS FLORALES; PODADO DE ARBOLES; ABONO DE TERRENO; FUMIGACION Y ERRADICACION DE PLAGAS) DEL TERRENO DE 800 M2 SERVICIO CORRESPONDIENTE A LOS MESES DE SEPTIEMBRE; OCTUBRE; NOVIEMBRE Y DICIEMBRE DE 2013,,,,,,,,,
23,05/12/2013,37,1,N/A,MANTENIMIENTO PREVENTIVO DEL AREA GARDINADA (INCLUYE CORTE Y RIEGO PERIODICO DE PASTO Y PLANTAS FLORALES; PODADO DE ARBOLES; ABONO DE TERRENO; FUMIGACION Y ERRADICACION DE PLAGAS) DEL TERRENO DE 800 M2 SERVICIO CORRESPONDIENTE A LOS MESES DE SEPTIEMBRE; OCTUBRE; NOVIEMBRE Y DICIEMBRE DE 2013," $1,600.00 "," $1,600.00 ",,,,,,,
,,,,,MANTENIMIENTO PREVENTIVO DEL AREA GARDINADA (INCLUYE CORTE Y RIEGO PERIODICO DE PASTO Y PLANTAS FLORALES; PODADO DE ARBOLES; ABONO DE TERRENO; FUMIGACION Y ERRADICACION DE PLAGAS) DEL TERRENO DE 800 M2 SERVICIO CORRESPONDIENTE A LOS MESES DE SEPTIEMBRE; OCTUBRE; NOVIEMBRE Y DICIEMBRE DE 2013,,,,,,,,,
24,05/12/2013,38,1,N/A,MANTENIMIENTO PREVENTIVO DEL AREA GARDINADA (INCLUYE CORTE Y RIEGO PERIODICO DE PASTO Y PLANTAS FLORALES; PODADO DE ARBOLES; ABONO DE TERRENO; FUMIGACION Y ERRADICACION DE PLAGAS) DEL TERRENO DE 800 M2 SERVICIO CORRESPONDIENTE A LOS MESES DE SEPTIEMBRE; OCTUBRE; NOVIEMBRE Y DICIEMBRE DE 2013," $1,600.00 "," $1,600.00 "," $38,400.00 "," $6,144.00 "," $44,544.00 ",,,,
,,,,,,,,,,,,,,
1,13/12/2013,46,1,N/A,LAVADO; CEPILLADO Y ASPIRADO DE CHAPOTEADERO EXISTENTE; INCLUYE SUMINISTRO Y APLICACION DE CLORO SOLIDO LIQUIDO Y PRODUCTOS INHIBIDORES DE HONGOS Y BACTERIAS; LIQUIDO COLORANTE PARA DETECCION DE ORINA;  FACTURA CORRESPONDIENTE AL PERIODO DE ENERO-ABRIL DE 2014.," $1,700.00 "," $1,700.00 ",,,,,,,
,,,,,LAVADO; CEPILLADO Y ASPIRADO DE CHAPOTEADERO EXISTENTE; INCLUYE SUMINISTRO Y APLICACION DE CLORO SOLIDO LIQUIDO Y PRODUCTOS INHIBIDORES DE HONGOS Y BACTERIAS; LIQUIDO COLORANTE PARA DETECCION DE ORINA;  FACTURA CORRESPONDIENTE AL PERIODO DE ENERO-ABRIL DE 2014.,,,,,,,,,
2,13/12/2013,47,1,N/A,LAVADO; CEPILLADO Y ASPIRADO DE CHAPOTEADERO EXISTENTE; INCLUYE SUMINISTRO Y APLICACION DE CLORO SOLIDO LIQUIDO Y PRODUCTOS INHIBIDORES DE HONGOS Y BACTERIAS; LIQUIDO COLORANTE PARA DETECCION DE ORINA;  FACTURA CORRESPONDIENTE AL PERIODO DE ENERO-ABRIL DE 2014.," $1,700.00 "," $1,700.00 ",,,,,,,
,,,,,LAVADO; CEPILLADO Y ASPIRADO DE CHAPOTEADERO EXISTENTE; INCLUYE SUMINISTRO Y APLICACION DE CLORO SOLIDO LIQUIDO Y PRODUCTOS INHIBIDORES DE HONGOS Y BACTERIAS; LIQUIDO COLORANTE PARA DETECCION DE ORINA;  FACTURA CORRESPONDIENTE AL PERIODO DE ENERO-ABRIL DE 2014.,,,,,,,,,
3,13/12/2013,48,1,N/A,LAVADO; CEPILLADO Y ASPIRADO DE CHAPOTEADERO EXISTENTE; INCLUYE SUMINISTRO Y APLICACION DE CLORO SOLIDO LIQUIDO Y PRODUCTOS INHIBIDORES DE HONGOS Y BACTERIAS; LIQUIDO COLORANTE PARA DETECCION DE ORINA;  FACTURA CORRESPONDIENTE AL PERIODO DE ENERO-ABRIL DE 2014.," $1,700.00 "," $1,700.00 ",,,,,,,
,,,,,LAVADO; CEPILLADO Y ASPIRADO DE CHAPOTEADERO EXISTENTE; INCLUYE SUMINISTRO Y APLICACION DE CLORO SOLIDO LIQUIDO Y PRODUCTOS INHIBIDORES DE HONGOS Y BACTERIAS; LIQUIDO COLORANTE PARA DETECCION DE ORINA;  FACTURA CORRESPONDIENTE AL PERIODO DE ENERO-ABRIL DE 2014.,,,,,,,,,
4,13/12/2013,49,1,N/A,LAVADO; CEPILLADO Y ASPIRADO DE CHAPOTEADERO EXISTENTE; INCLUYE SUMINISTRO Y APLICACION DE CLORO SOLIDO LIQUIDO Y PRODUCTOS INHIBIDORES DE HONGOS Y BACTERIAS; LIQUIDO COLORANTE PARA DETECCION DE ORINA;  FACTURA CORRESPONDIENTE AL PERIODO DE ENERO-ABRIL DE 2014.," $1,700.00 "," $1,700.00 ",,,,,,,
,,,,,LAVADO; CEPILLADO Y ASPIRADO DE CHAPOTEADERO EXISTENTE; INCLUYE SUMINISTRO Y APLICACION DE CLORO SOLIDO LIQUIDO Y PRODUCTOS INHIBIDORES DE HONGOS Y BACTERIAS; LIQUIDO COLORANTE PARA DETECCION DE ORINA;  FACTURA CORRESPONDIENTE AL PERIODO DE ENERO-ABRIL DE 2014.,,,,,,,,,
5,13/12/2013,50,1,N/A,LAVADO; CEPILLADO Y ASPIRADO DE CHAPOTEADERO EXISTENTE; INCLUYE SUMINISTRO Y APLICACION DE CLORO SOLIDO LIQUIDO Y PRODUCTOS INHIBIDORES DE HONGOS Y BACTERIAS; LIQUIDO COLORANTE PARA DETECCION DE ORINA;  FACTURA CORRESPONDIENTE AL PERIODO DE ENERO-ABRIL DE 2014.," $1,700.00 "," $1,700.00 ",,,,,,,
,,,,,LAVADO; CEPILLADO Y ASPIRADO DE CHAPOTEADERO EXISTENTE; INCLUYE SUMINISTRO Y APLICACION DE CLORO SOLIDO LIQUIDO Y PRODUCTOS INHIBIDORES DE HONGOS Y BACTERIAS; LIQUIDO COLORANTE PARA DETECCION DE ORINA;  FACTURA CORRESPONDIENTE AL PERIODO DE ENERO-ABRIL DE 2014.,,,,,,,,,
6,13/12/2013,51,1,N/A,LAVADO; CEPILLADO Y ASPIRADO DE CHAPOTEADERO EXISTENTE; INCLUYE SUMINISTRO Y APLICACION DE CLORO SOLIDO LIQUIDO Y PRODUCTOS INHIBIDORES DE HONGOS Y BACTERIAS; LIQUIDO COLORANTE PARA DETECCION DE ORINA;  FACTURA CORRESPONDIENTE AL PERIODO DE ENERO-ABRIL DE 2014.," $1,700.00 "," $1,700.00 ",,,,,,,
,,,,,LAVADO; CEPILLADO Y ASPIRADO DE CHAPOTEADERO EXISTENTE; INCLUYE SUMINISTRO Y APLICACION DE CLORO SOLIDO LIQUIDO Y PRODUCTOS INHIBIDORES DE HONGOS Y BACTERIAS; LIQUIDO COLORANTE PARA DETECCION DE ORINA;  FACTURA CORRESPONDIENTE AL PERIODO DE ENERO-ABRIL DE 2014.,,,,,,,,,
7,13/12/2013,52,1,N/A,LAVADO; CEPILLADO Y ASPIRADO DE CHAPOTEADERO EXISTENTE; INCLUYE SUMINISTRO Y APLICACION DE CLORO SOLIDO LIQUIDO Y PRODUCTOS INHIBIDORES DE HONGOS Y BACTERIAS; LIQUIDO COLORANTE PARA DETECCION DE ORINA;  FACTURA CORRESPONDIENTE AL PERIODO DE ENERO-ABRIL DE 2014.," $1,700.00 "," $1,700.00 ",,,,,,,
,,,,,LAVADO; CEPILLADO Y ASPIRADO DE CHAPOTEADERO EXISTENTE; INCLUYE SUMINISTRO Y APLICACION DE CLORO SOLIDO LIQUIDO Y PRODUCTOS INHIBIDORES DE HONGOS Y BACTERIAS; LIQUIDO COLORANTE PARA DETECCION DE ORINA;  FACTURA CORRESPONDIENTE AL PERIODO DE ENERO-ABRIL DE 2014.,,,,,,,,,
8,13/12/2013,53,1,N/A,LAVADO; CEPILLADO Y ASPIRADO DE CHAPOTEADERO EXISTENTE; INCLUYE SUMINISTRO Y APLICACION DE CLORO SOLIDO LIQUIDO Y PRODUCTOS INHIBIDORES DE HONGOS Y BACTERIAS; LIQUIDO COLORANTE PARA DETECCION DE ORINA;  FACTURA CORRESPONDIENTE AL PERIODO DE ENERO-ABRIL DE 2014.," $1,700.00 "," $1,700.00 ",,,,,,,
,,,,,,,,,,,,,,
9,13/12/2013,54,1,N/A,LAVADO; CEPILLADO Y ASPIRADO DE CHAPOTEADERO EXISTENTE; INCLUYE SUMINISTRO Y APLICACION DE CLORO SOLIDO LIQUIDO Y PRODUCTOS INHIBIDORES DE HONGOS Y BACTERIAS; LIQUIDO COLORANTE PARA DETECCION DE ORINA;  FACTURA CORRESPONDIENTE AL PERIODO DE MAYO-AGOSTO DE 2014.," $1,700.00 "," $1,700.00 ",,,,,,,
,,,,,LAVADO; CEPILLADO Y ASPIRADO DE CHAPOTEADERO EXISTENTE; INCLUYE SUMINISTRO Y APLICACION DE CLORO SOLIDO LIQUIDO Y PRODUCTOS INHIBIDORES DE HONGOS Y BACTERIAS; LIQUIDO COLORANTE PARA DETECCION DE ORINA;  FACTURA CORRESPONDIENTE AL PERIODO DE MAYO-AGOSTO DE 2014.,,,,,,,,,
10,13/12/2013,55,1,N/A,LAVADO; CEPILLADO Y ASPIRADO DE CHAPOTEADERO EXISTENTE; INCLUYE SUMINISTRO Y APLICACION DE CLORO SOLIDO LIQUIDO Y PRODUCTOS INHIBIDORES DE HONGOS Y BACTERIAS; LIQUIDO COLORANTE PARA DETECCION DE ORINA;  FACTURA CORRESPONDIENTE AL PERIODO DE MAYO-AGOSTO DE 2014.," $1,700.00 "," $1,700.00 ",,,,,,,
,,,,,LAVADO; CEPILLADO Y ASPIRADO DE CHAPOTEADERO EXISTENTE; INCLUYE SUMINISTRO Y APLICACION DE CLORO SOLIDO LIQUIDO Y PRODUCTOS INHIBIDORES DE HONGOS Y BACTERIAS; LIQUIDO COLORANTE PARA DETECCION DE ORINA;  FACTURA CORRESPONDIENTE AL PERIODO DE MAYO-AGOSTO DE 2014.,,,,,,,,,
11,13/12/2013,56,1,N/A,LAVADO; CEPILLADO Y ASPIRADO DE CHAPOTEADERO EXISTENTE; INCLUYE SUMINISTRO Y APLICACION DE CLORO SOLIDO LIQUIDO Y PRODUCTOS INHIBIDORES DE HONGOS Y BACTERIAS; LIQUIDO COLORANTE PARA DETECCION DE ORINA;  FACTURA CORRESPONDIENTE AL PERIODO DE MAYO-AGOSTO DE 2014.," $1,700.00 "," $1,700.00 ",,,,,,,
,,,,,LAVADO; CEPILLADO Y ASPIRADO DE CHAPOTEADERO EXISTENTE; INCLUYE SUMINISTRO Y APLICACION DE CLORO SOLIDO LIQUIDO Y PRODUCTOS INHIBIDORES DE HONGOS Y BACTERIAS; LIQUIDO COLORANTE PARA DETECCION DE ORINA;  FACTURA CORRESPONDIENTE AL PERIODO DE MAYO-AGOSTO DE 2014.,,,,,,,,,
12,13/12/2013,57,1,N/A,LAVADO; CEPILLADO Y ASPIRADO DE CHAPOTEADERO EXISTENTE; INCLUYE SUMINISTRO Y APLICACION DE CLORO SOLIDO LIQUIDO Y PRODUCTOS INHIBIDORES DE HONGOS Y BACTERIAS; LIQUIDO COLORANTE PARA DETECCION DE ORINA;  FACTURA CORRESPONDIENTE AL PERIODO DE MAYO-AGOSTO DE 2014.," $1,700.00 "," $1,700.00 ",,,,,,,
,,,,,LAVADO; CEPILLADO Y ASPIRADO DE CHAPOTEADERO EXISTENTE; INCLUYE SUMINISTRO Y APLICACION DE CLORO SOLIDO LIQUIDO Y PRODUCTOS INHIBIDORES DE HONGOS Y BACTERIAS; LIQUIDO COLORANTE PARA DETECCION DE ORINA;  FACTURA CORRESPONDIENTE AL PERIODO DE MAYO-AGOSTO DE 2014.,,,,,,,,,
13,13/12/2013,58,1,N/A,LAVADO; CEPILLADO Y ASPIRADO DE CHAPOTEADERO EXISTENTE; INCLUYE SUMINISTRO Y APLICACION DE CLORO SOLIDO LIQUIDO Y PRODUCTOS INHIBIDORES DE HONGOS Y BACTERIAS; LIQUIDO COLORANTE PARA DETECCION DE ORINA;  FACTURA CORRESPONDIENTE AL PERIODO DE MAYO-AGOSTO DE 2014.," $1,700.00 "," $1,700.00 ",,,,,,,
,,,,,LAVADO; CEPILLADO Y ASPIRADO DE CHAPOTEADERO EXISTENTE; INCLUYE SUMINISTRO Y APLICACION DE CLORO SOLIDO LIQUIDO Y PRODUCTOS INHIBIDORES DE HONGOS Y BACTERIAS; LIQUIDO COLORANTE PARA DETECCION DE ORINA;  FACTURA CORRESPONDIENTE AL PERIODO DE MAYO-AGOSTO DE 2014.,,,,,,,,,
14,13/12/2013,59,1,N/A,LAVADO; CEPILLADO Y ASPIRADO DE CHAPOTEADERO EXISTENTE; INCLUYE SUMINISTRO Y APLICACION DE CLORO SOLIDO LIQUIDO Y PRODUCTOS INHIBIDORES DE HONGOS Y BACTERIAS; LIQUIDO COLORANTE PARA DETECCION DE ORINA;  FACTURA CORRESPONDIENTE AL PERIODO DE MAYO-AGOSTO DE 2014.," $1,700.00 "," $1,700.00 ",,,,,,,
,,,,,LAVADO; CEPILLADO Y ASPIRADO DE CHAPOTEADERO EXISTENTE; INCLUYE SUMINISTRO Y APLICACION DE CLORO SOLIDO LIQUIDO Y PRODUCTOS INHIBIDORES DE HONGOS Y BACTERIAS; LIQUIDO COLORANTE PARA DETECCION DE ORINA;  FACTURA CORRESPONDIENTE AL PERIODO DE MAYO-AGOSTO DE 2014.,,,,,,,,,
15,13/12/2013,60,1,N/A,LAVADO; CEPILLADO Y ASPIRADO DE CHAPOTEADERO EXISTENTE; INCLUYE SUMINISTRO Y APLICACION DE CLORO SOLIDO LIQUIDO Y PRODUCTOS INHIBIDORES DE HONGOS Y BACTERIAS; LIQUIDO COLORANTE PARA DETECCION DE ORINA;  FACTURA CORRESPONDIENTE AL PERIODO DE MAYO-AGOSTO DE 2014.," $1,700.00 "," $1,700.00 ",,,,,,,
,,,,,LAVADO; CEPILLADO Y ASPIRADO DE CHAPOTEADERO EXISTENTE; INCLUYE SUMINISTRO Y APLICACION DE CLORO SOLIDO LIQUIDO Y PRODUCTOS INHIBIDORES DE HONGOS Y BACTERIAS; LIQUIDO COLORANTE PARA DETECCION DE ORINA;  FACTURA CORRESPONDIENTE AL PERIODO DE MAYO-AGOSTO DE 2014.,,,,,,,,,
16,13/12/2013,61,1,N/A,LAVADO; CEPILLADO Y ASPIRADO DE CHAPOTEADERO EXISTENTE; INCLUYE SUMINISTRO Y APLICACION DE CLORO SOLIDO LIQUIDO Y PRODUCTOS INHIBIDORES DE HONGOS Y BACTERIAS; LIQUIDO COLORANTE PARA DETECCION DE ORINA;  FACTURA CORRESPONDIENTE AL PERIODO DE MAYO-AGOSTO DE 2014.," $1,700.00 "," $1,700.00 ",,,,,,,
,,,,,,,,,,,,,,
17,13/12/2013,62,1,N/A,LAVADO; CEPILLADO Y ASPIRADO DE CHAPOTEADERO EXISTENTE; INCLUYE SUMINISTRO Y APLICACION DE CLORO SOLIDO LIQUIDO Y PRODUCTOS INHIBIDORES DE HONGOS Y BACTERIAS; LIQUIDO COLORANTE PARA DETECCION DE ORINA;  FACTURA CORRESPONDIENTE AL PERIODO DE SEPTIEMBRE-DICIEMBRE DE 2014.," $1,700.00 "," $1,700.00 ",,,,,,,
,,,,,LAVADO; CEPILLADO Y ASPIRADO DE CHAPOTEADERO EXISTENTE; INCLUYE SUMINISTRO Y APLICACION DE CLORO SOLIDO LIQUIDO Y PRODUCTOS INHIBIDORES DE HONGOS Y BACTERIAS; LIQUIDO COLORANTE PARA DETECCION DE ORINA;  FACTURA CORRESPONDIENTE AL PERIODO DE SEPTIEMBRE-DICIEMBRE DE 2014.,,,,,,,,,
18,13/12/2013,63,1,N/A,LAVADO; CEPILLADO Y ASPIRADO DE CHAPOTEADERO EXISTENTE; INCLUYE SUMINISTRO Y APLICACION DE CLORO SOLIDO LIQUIDO Y PRODUCTOS INHIBIDORES DE HONGOS Y BACTERIAS; LIQUIDO COLORANTE PARA DETECCION DE ORINA;  FACTURA CORRESPONDIENTE AL PERIODO DE SEPTIEMBRE-DICIEMBRE DE 2014.," $1,700.00 "," $1,700.00 ",,,,,,,
,,,,,LAVADO; CEPILLADO Y ASPIRADO DE CHAPOTEADERO EXISTENTE; INCLUYE SUMINISTRO Y APLICACION DE CLORO SOLIDO LIQUIDO Y PRODUCTOS INHIBIDORES DE HONGOS Y BACTERIAS; LIQUIDO COLORANTE PARA DETECCION DE ORINA;  FACTURA CORRESPONDIENTE AL PERIODO DE SEPTIEMBRE-DICIEMBRE DE 2014.,,,,,,,,,
19,13/12/2013,64,1,N/A,LAVADO; CEPILLADO Y ASPIRADO DE CHAPOTEADERO EXISTENTE; INCLUYE SUMINISTRO Y APLICACION DE CLORO SOLIDO LIQUIDO Y PRODUCTOS INHIBIDORES DE HONGOS Y BACTERIAS; LIQUIDO COLORANTE PARA DETECCION DE ORINA;  FACTURA CORRESPONDIENTE AL PERIODO DE SEPTIEMBRE-DICIEMBRE DE 2014.," $1,700.00 "," $1,700.00 ",,,,,,,
,,,,,LAVADO; CEPILLADO Y ASPIRADO DE CHAPOTEADERO EXISTENTE; INCLUYE SUMINISTRO Y APLICACION DE CLORO SOLIDO LIQUIDO Y PRODUCTOS INHIBIDORES DE HONGOS Y BACTERIAS; LIQUIDO COLORANTE PARA DETECCION DE ORINA;  FACTURA CORRESPONDIENTE AL PERIODO DE SEPTIEMBRE-DICIEMBRE DE 2014.,,,,,,,,,
20,13/12/2013,65,1,N/A,LAVADO; CEPILLADO Y ASPIRADO DE CHAPOTEADERO EXISTENTE; INCLUYE SUMINISTRO Y APLICACION DE CLORO SOLIDO LIQUIDO Y PRODUCTOS INHIBIDORES DE HONGOS Y BACTERIAS; LIQUIDO COLORANTE PARA DETECCION DE ORINA;  FACTURA CORRESPONDIENTE AL PERIODO DE SEPTIEMBRE-DICIEMBRE DE 2014.," $1,700.00 "," $1,700.00 ",,,,,,,
,,,,,LAVADO; CEPILLADO Y ASPIRADO DE CHAPOTEADERO EXISTENTE; INCLUYE SUMINISTRO Y APLICACION DE CLORO SOLIDO LIQUIDO Y PRODUCTOS INHIBIDORES DE HONGOS Y BACTERIAS; LIQUIDO COLORANTE PARA DETECCION DE ORINA;  FACTURA CORRESPONDIENTE AL PERIODO DE SEPTIEMBRE-DICIEMBRE DE 2014.,,,,,,,,,
21,13/12/2013,66,1,N/A,LAVADO; CEPILLADO Y ASPIRADO DE CHAPOTEADERO EXISTENTE; INCLUYE SUMINISTRO Y APLICACION DE CLORO SOLIDO LIQUIDO Y PRODUCTOS INHIBIDORES DE HONGOS Y BACTERIAS; LIQUIDO COLORANTE PARA DETECCION DE ORINA;  FACTURA CORRESPONDIENTE AL PERIODO DE SEPTIEMBRE-DICIEMBRE DE 2014.," $1,700.00 "," $1,700.00 ",,,,,,,
,,,,,LAVADO; CEPILLADO Y ASPIRADO DE CHAPOTEADERO EXISTENTE; INCLUYE SUMINISTRO Y APLICACION DE CLORO SOLIDO LIQUIDO Y PRODUCTOS INHIBIDORES DE HONGOS Y BACTERIAS; LIQUIDO COLORANTE PARA DETECCION DE ORINA;  FACTURA CORRESPONDIENTE AL PERIODO DE SEPTIEMBRE-DICIEMBRE DE 2014.,,,,,,,,,
22,13/12/2013,67,1,N/A,LAVADO; CEPILLADO Y ASPIRADO DE CHAPOTEADERO EXISTENTE; INCLUYE SUMINISTRO Y APLICACION DE CLORO SOLIDO LIQUIDO Y PRODUCTOS INHIBIDORES DE HONGOS Y BACTERIAS; LIQUIDO COLORANTE PARA DETECCION DE ORINA;  FACTURA CORRESPONDIENTE AL PERIODO DE SEPTIEMBRE-DICIEMBRE DE 2014.," $1,700.00 "," $1,700.00 ",,,,,,,
,,,,,LAVADO; CEPILLADO Y ASPIRADO DE CHAPOTEADERO EXISTENTE; INCLUYE SUMINISTRO Y APLICACION DE CLORO SOLIDO LIQUIDO Y PRODUCTOS INHIBIDORES DE HONGOS Y BACTERIAS; LIQUIDO COLORANTE PARA DETECCION DE ORINA;  FACTURA CORRESPONDIENTE AL PERIODO DE SEPTIEMBRE-DICIEMBRE DE 2014.,,,,,,,,,
23,13/12/2013,68,1,N/A,LAVADO; CEPILLADO Y ASPIRADO DE CHAPOTEADERO EXISTENTE; INCLUYE SUMINISTRO Y APLICACION DE CLORO SOLIDO LIQUIDO Y PRODUCTOS INHIBIDORES DE HONGOS Y BACTERIAS; LIQUIDO COLORANTE PARA DETECCION DE ORINA;  FACTURA CORRESPONDIENTE AL PERIODO DE SEPTIEMBRE-DICIEMBRE DE 2014.," $1,700.00 "," $1,700.00 ",,,,,,,
,,,,,LAVADO; CEPILLADO Y ASPIRADO DE CHAPOTEADERO EXISTENTE; INCLUYE SUMINISTRO Y APLICACION DE CLORO SOLIDO LIQUIDO Y PRODUCTOS INHIBIDORES DE HONGOS Y BACTERIAS; LIQUIDO COLORANTE PARA DETECCION DE ORINA;  FACTURA CORRESPONDIENTE AL PERIODO DE SEPTIEMBRE-DICIEMBRE DE 2014.,,,,,,,,,
24,13/12/2013,69,1,N/A,LAVADO; CEPILLADO Y ASPIRADO DE CHAPOTEADERO EXISTENTE; INCLUYE SUMINISTRO Y APLICACION DE CLORO SOLIDO LIQUIDO Y PRODUCTOS INHIBIDORES DE HONGOS Y BACTERIAS; LIQUIDO COLORANTE PARA DETECCION DE ORINA;  FACTURA CORRESPONDIENTE AL PERIODO DE SEPTIEMBRE-DICIEMBRE DE 2014.," $1,700.00 "," $1,700.00 "," $40,800.00 "," $6,528.00 "," $47,328.00 "," $91,872.00 ",,,
,,,,,,,,,,,,,,
1,19/12/2013,85,2,M2,COLOCACION PERIMETRAL DE INSTALACION DE SEGURIDAD A BASE DE CERCA ELECTRIFICADA COLOCADA EN LA PARTE SUPERIOR DE LA BARDA EXISTENTE CON UN ALTURA DE CERCA DE 1 M. X 100 MTS DE LARGO. $800.00 EL M2 INCLUYE MATERIAL PRUEBAS DE OPERACION Y MANO DE OBRA, $800.00 ," $1,600.00 ",,,,,,,
,,,,,COLOCACION PERIMETRAL DE INSTALACION DE SEGURIDAD A BASE DE CERCA ELECTRIFICADA COLOCADA EN LA PARTE SUPERIOR DE LA BARDA EXISTENTE CON UN ALTURA DE CERCA DE 1 M. X 100 MTS DE LARGO. $800.00 EL M2 INCLUYE MATERIAL PRUEBAS DE OPERACION Y MANO DE OBRA,,,,,,,,,
2,19/12/2013,86,2,M2,COLOCACION PERIMETRAL DE INSTALACION DE SEGURIDAD A BASE DE CERCA ELECTRIFICADA COLOCADA EN LA PARTE SUPERIOR DE LA BARDA EXISTENTE CON UN ALTURA DE CERCA DE 1 M. X 100 MTS DE LARGO. $800.00 EL M2 INCLUYE MATERIAL PRUEBAS DE OPERACION Y MANO DE OBRA, $800.00 ," $1,600.00 ",,,,,,,
,,,,,COLOCACION PERIMETRAL DE INSTALACION DE SEGURIDAD A BASE DE CERCA ELECTRIFICADA COLOCADA EN LA PARTE SUPERIOR DE LA BARDA EXISTENTE CON UN ALTURA DE CERCA DE 1 M. X 100 MTS DE LARGO. $800.00 EL M2 INCLUYE MATERIAL PRUEBAS DE OPERACION Y MANO DE OBRA,,,,,,,,,
3,19/12/2013,87,2,M2,COLOCACION PERIMETRAL DE INSTALACION DE SEGURIDAD A BASE DE CERCA ELECTRIFICADA COLOCADA EN LA PARTE SUPERIOR DE LA BARDA EXISTENTE CON UN ALTURA DE CERCA DE 1 M. X 100 MTS DE LARGO. $800.00 EL M2 INCLUYE MATERIAL PRUEBAS DE OPERACION Y MANO DE OBRA, $800.00 ," $1,600.00 ",,,,,,,
,,,,,COLOCACION PERIMETRAL DE INSTALACION DE SEGURIDAD A BASE DE CERCA ELECTRIFICADA COLOCADA EN LA PARTE SUPERIOR DE LA BARDA EXISTENTE CON UN ALTURA DE CERCA DE 1 M. X 100 MTS DE LARGO. $800.00 EL M2 INCLUYE MATERIAL PRUEBAS DE OPERACION Y MANO DE OBRA,,,,,,,,,
4,19/12/2013,88,2,M2,COLOCACION PERIMETRAL DE INSTALACION DE SEGURIDAD A BASE DE CERCA ELECTRIFICADA COLOCADA EN LA PARTE SUPERIOR DE LA BARDA EXISTENTE CON UN ALTURA DE CERCA DE 1 M. X 100 MTS DE LARGO. $800.00 EL M2 INCLUYE MATERIAL PRUEBAS DE OPERACION Y MANO DE OBRA, $800.00 ," $1,600.00 ",,,,,,,
,,,,,COLOCACION PERIMETRAL DE INSTALACION DE SEGURIDAD A BASE DE CERCA ELECTRIFICADA COLOCADA EN LA PARTE SUPERIOR DE LA BARDA EXISTENTE CON UN ALTURA DE CERCA DE 1 M. X 100 MTS DE LARGO. $800.00 EL M2 INCLUYE MATERIAL PRUEBAS DE OPERACION Y MANO DE OBRA,,,,,,,,,
5,19/12/2013,89,2,M2,COLOCACION PERIMETRAL DE INSTALACION DE SEGURIDAD A BASE DE CERCA ELECTRIFICADA COLOCADA EN LA PARTE SUPERIOR DE LA BARDA EXISTENTE CON UN ALTURA DE CERCA DE 1 M. X 100 MTS DE LARGO. $800.00 EL M2 INCLUYE MATERIAL PRUEBAS DE OPERACION Y MANO DE OBRA, $800.00 ," $1,600.00 ",,,,,,,
,,,,,COLOCACION PERIMETRAL DE INSTALACION DE SEGURIDAD A BASE DE CERCA ELECTRIFICADA COLOCADA EN LA PARTE SUPERIOR DE LA BARDA EXISTENTE CON UN ALTURA DE CERCA DE 1 M. X 100 MTS DE LARGO. $800.00 EL M2 INCLUYE MATERIAL PRUEBAS DE OPERACION Y MANO DE OBRA,,,,,,,,,
6,19/12/2013,90,2,M2,COLOCACION PERIMETRAL DE INSTALACION DE SEGURIDAD A BASE DE CERCA ELECTRIFICADA COLOCADA EN LA PARTE SUPERIOR DE LA BARDA EXISTENTE CON UN ALTURA DE CERCA DE 1 M. X 100 MTS DE LARGO. $800.00 EL M2 INCLUYE MATERIAL PRUEBAS DE OPERACION Y MANO DE OBRA, $800.00 ," $1,600.00 ",,,,,,,
,,,,,COLOCACION PERIMETRAL DE INSTALACION DE SEGURIDAD A BASE DE CERCA ELECTRIFICADA COLOCADA EN LA PARTE SUPERIOR DE LA BARDA EXISTENTE CON UN ALTURA DE CERCA DE 1 M. X 100 MTS DE LARGO. $800.00 EL M2 INCLUYE MATERIAL PRUEBAS DE OPERACION Y MANO DE OBRA,,,,,,,,,
7,19/12/2013,91,2,M2,COLOCACION PERIMETRAL DE INSTALACION DE SEGURIDAD A BASE DE CERCA ELECTRIFICADA COLOCADA EN LA PARTE SUPERIOR DE LA BARDA EXISTENTE CON UN ALTURA DE CERCA DE 1 M. X 100 MTS DE LARGO. $800.00 EL M2 INCLUYE MATERIAL PRUEBAS DE OPERACION Y MANO DE OBRA, $800.00 ," $1,600.00 ",,,,,,,
,,,,,COLOCACION PERIMETRAL DE INSTALACION DE SEGURIDAD A BASE DE CERCA ELECTRIFICADA COLOCADA EN LA PARTE SUPERIOR DE LA BARDA EXISTENTE CON UN ALTURA DE CERCA DE 1 M. X 100 MTS DE LARGO. $800.00 EL M2 INCLUYE MATERIAL PRUEBAS DE OPERACION Y MANO DE OBRA,,,,,,,,,
8,19/12/2013,92,2,M2,COLOCACION PERIMETRAL DE INSTALACION DE SEGURIDAD A BASE DE CERCA ELECTRIFICADA COLOCADA EN LA PARTE SUPERIOR DE LA BARDA EXISTENTE CON UN ALTURA DE CERCA DE 1 M. X 100 MTS DE LARGO. $800.00 EL M2 INCLUYE MATERIAL PRUEBAS DE OPERACION Y MANO DE OBRA, $800.00 ," $1,600.00 ",,,,,,,
,,,,,COLOCACION PERIMETRAL DE INSTALACION DE SEGURIDAD A BASE DE CERCA ELECTRIFICADA COLOCADA EN LA PARTE SUPERIOR DE LA BARDA EXISTENTE CON UN ALTURA DE CERCA DE 1 M. X 100 MTS DE LARGO. $800.00 EL M2 INCLUYE MATERIAL PRUEBAS DE OPERACION Y MANO DE OBRA,,,,,,,,,
9,19/12/2013,93,2,M2,COLOCACION PERIMETRAL DE INSTALACION DE SEGURIDAD A BASE DE CERCA ELECTRIFICADA COLOCADA EN LA PARTE SUPERIOR DE LA BARDA EXISTENTE CON UN ALTURA DE CERCA DE 1 M. X 100 MTS DE LARGO. $800.00 EL M2 INCLUYE MATERIAL PRUEBAS DE OPERACION Y MANO DE OBRA, $800.00 ," $1,600.00 ",,,,,,,
,,,,,COLOCACION PERIMETRAL DE INSTALACION DE SEGURIDAD A BASE DE CERCA ELECTRIFICADA COLOCADA EN LA PARTE SUPERIOR DE LA BARDA EXISTENTE CON UN ALTURA DE CERCA DE 1 M. X 100 MTS DE LARGO. $800.00 EL M2 INCLUYE MATERIAL PRUEBAS DE OPERACION Y MANO DE OBRA,,,,,,,,,
10,19/12/2013,94,2,M2,COLOCACION PERIMETRAL DE INSTALACION DE SEGURIDAD A BASE DE CERCA ELECTRIFICADA COLOCADA EN LA PARTE SUPERIOR DE LA BARDA EXISTENTE CON UN ALTURA DE CERCA DE 1 M. X 100 MTS DE LARGO. $800.00 EL M2 INCLUYE MATERIAL PRUEBAS DE OPERACION Y MANO DE OBRA, $800.00 ," $1,600.00 ",,,,,,,
,,,,,COLOCACION PERIMETRAL DE INSTALACION DE SEGURIDAD A BASE DE CERCA ELECTRIFICADA COLOCADA EN LA PARTE SUPERIOR DE LA BARDA EXISTENTE CON UN ALTURA DE CERCA DE 1 M. X 100 MTS DE LARGO. $800.00 EL M2 INCLUYE MATERIAL PRUEBAS DE OPERACION Y MANO DE OBRA,,,,,,,,,
11,19/12/2013,95,2,M2,COLOCACION PERIMETRAL DE INSTALACION DE SEGURIDAD A BASE DE CERCA ELECTRIFICADA COLOCADA EN LA PARTE SUPERIOR DE LA BARDA EXISTENTE CON UN ALTURA DE CERCA DE 1 M. X 100 MTS DE LARGO. $800.00 EL M2 INCLUYE MATERIAL PRUEBAS DE OPERACION Y MANO DE OBRA, $800.00 ," $1,600.00 ",,,,,,,
,,,,,COLOCACION PERIMETRAL DE INSTALACION DE SEGURIDAD A BASE DE CERCA ELECTRIFICADA COLOCADA EN LA PARTE SUPERIOR DE LA BARDA EXISTENTE CON UN ALTURA DE CERCA DE 1 M. X 100 MTS DE LARGO. $800.00 EL M2 INCLUYE MATERIAL PRUEBAS DE OPERACION Y MANO DE OBRA,,,,,,,,,
12,19/12/2013,96,2,M2,COLOCACION PERIMETRAL DE INSTALACION DE SEGURIDAD A BASE DE CERCA ELECTRIFICADA COLOCADA EN LA PARTE SUPERIOR DE LA BARDA EXISTENTE CON UN ALTURA DE CERCA DE 1 M. X 100 MTS DE LARGO. $800.00 EL M2 INCLUYE MATERIAL PRUEBAS DE OPERACION Y MANO DE OBRA, $800.00 ," $1,600.00 ",,,,,,,
,,,,,COLOCACION PERIMETRAL DE INSTALACION DE SEGURIDAD A BASE DE CERCA ELECTRIFICADA COLOCADA EN LA PARTE SUPERIOR DE LA BARDA EXISTENTE CON UN ALTURA DE CERCA DE 1 M. X 100 MTS DE LARGO. $800.00 EL M2 INCLUYE MATERIAL PRUEBAS DE OPERACION Y MANO DE OBRA,,,,,,,,,
13,19/12/2013,97,2,M2,COLOCACION PERIMETRAL DE INSTALACION DE SEGURIDAD A BASE DE CERCA ELECTRIFICADA COLOCADA EN LA PARTE SUPERIOR DE LA BARDA EXISTENTE CON UN ALTURA DE CERCA DE 1 M. X 100 MTS DE LARGO. $800.00 EL M2 INCLUYE MATERIAL PRUEBAS DE OPERACION Y MANO DE OBRA, $800.00 ," $1,600.00 ",,,,,,,
,,,,,COLOCACION PERIMETRAL DE INSTALACION DE SEGURIDAD A BASE DE CERCA ELECTRIFICADA COLOCADA EN LA PARTE SUPERIOR DE LA BARDA EXISTENTE CON UN ALTURA DE CERCA DE 1 M. X 100 MTS DE LARGO. $800.00 EL M2 INCLUYE MATERIAL PRUEBAS DE OPERACION Y MANO DE OBRA,,,,,,,,,
14,19/12/2013,98,2,M2,COLOCACION PERIMETRAL DE INSTALACION DE SEGURIDAD A BASE DE CERCA ELECTRIFICADA COLOCADA EN LA PARTE SUPERIOR DE LA BARDA EXISTENTE CON UN ALTURA DE CERCA DE 1 M. X 100 MTS DE LARGO. $800.00 EL M2 INCLUYE MATERIAL PRUEBAS DE OPERACION Y MANO DE OBRA, $800.00 ," $1,600.00 ",,,,,,,
,,,,,COLOCACION PERIMETRAL DE INSTALACION DE SEGURIDAD A BASE DE CERCA ELECTRIFICADA COLOCADA EN LA PARTE SUPERIOR DE LA BARDA EXISTENTE CON UN ALTURA DE CERCA DE 1 M. X 100 MTS DE LARGO. $800.00 EL M2 INCLUYE MATERIAL PRUEBAS DE OPERACION Y MANO DE OBRA,,,,,,,,,
15,19/12/2013,99,2,M2,COLOCACION PERIMETRAL DE INSTALACION DE SEGURIDAD A BASE DE CERCA ELECTRIFICADA COLOCADA EN LA PARTE SUPERIOR DE LA BARDA EXISTENTE CON UN ALTURA DE CERCA DE 1 M. X 100 MTS DE LARGO. $800.00 EL M2 INCLUYE MATERIAL PRUEBAS DE OPERACION Y MANO DE OBRA, $800.00 ," $1,600.00 ",,,,,,,
,,,,,COLOCACION PERIMETRAL DE INSTALACION DE SEGURIDAD A BASE DE CERCA ELECTRIFICADA COLOCADA EN LA PARTE SUPERIOR DE LA BARDA EXISTENTE CON UN ALTURA DE CERCA DE 1 M. X 100 MTS DE LARGO. $800.00 EL M2 INCLUYE MATERIAL PRUEBAS DE OPERACION Y MANO DE OBRA,,,,,,,,,
16,19/12/2013,100,2,M2,COLOCACION PERIMETRAL DE INSTALACION DE SEGURIDAD A BASE DE CERCA ELECTRIFICADA COLOCADA EN LA PARTE SUPERIOR DE LA BARDA EXISTENTE CON UN ALTURA DE CERCA DE 1 M. X 100 MTS DE LARGO. $800.00 EL M2 INCLUYE MATERIAL PRUEBAS DE OPERACION Y MANO DE OBRA, $800.00 ," $1,600.00 ",,,,,,,
,,,,,COLOCACION PERIMETRAL DE INSTALACION DE SEGURIDAD A BASE DE CERCA ELECTRIFICADA COLOCADA EN LA PARTE SUPERIOR DE LA BARDA EXISTENTE CON UN ALTURA DE CERCA DE 1 M. X 100 MTS DE LARGO. $800.00 EL M2 INCLUYE MATERIAL PRUEBAS DE OPERACION Y MANO DE OBRA,,,,,,,,,
17,19/12/2013,101,2,M2,COLOCACION PERIMETRAL DE INSTALACION DE SEGURIDAD A BASE DE CERCA ELECTRIFICADA COLOCADA EN LA PARTE SUPERIOR DE LA BARDA EXISTENTE CON UN ALTURA DE CERCA DE 1 M. X 100 MTS DE LARGO. $800.00 EL M2 INCLUYE MATERIAL PRUEBAS DE OPERACION Y MANO DE OBRA, $800.00 ," $1,600.00 ",,,,,,,
,,,,,COLOCACION PERIMETRAL DE INSTALACION DE SEGURIDAD A BASE DE CERCA ELECTRIFICADA COLOCADA EN LA PARTE SUPERIOR DE LA BARDA EXISTENTE CON UN ALTURA DE CERCA DE 1 M. X 100 MTS DE LARGO. $800.00 EL M2 INCLUYE MATERIAL PRUEBAS DE OPERACION Y MANO DE OBRA,,,,,,,,,
18,19/12/2013,102,2,M2,COLOCACION PERIMETRAL DE INSTALACION DE SEGURIDAD A BASE DE CERCA ELECTRIFICADA COLOCADA EN LA PARTE SUPERIOR DE LA BARDA EXISTENTE CON UN ALTURA DE CERCA DE 1 M. X 100 MTS DE LARGO. $800.00 EL M2 INCLUYE MATERIAL PRUEBAS DE OPERACION Y MANO DE OBRA, $800.00 ," $1,600.00 ",,,,,,,
,,,,,COLOCACION PERIMETRAL DE INSTALACION DE SEGURIDAD A BASE DE CERCA ELECTRIFICADA COLOCADA EN LA PARTE SUPERIOR DE LA BARDA EXISTENTE CON UN ALTURA DE CERCA DE 1 M. X 100 MTS DE LARGO. $800.00 EL M2 INCLUYE MATERIAL PRUEBAS DE OPERACION Y MANO DE OBRA,,,,,,,,,
19,19/12/2013,103,2,M2,COLOCACION PERIMETRAL DE INSTALACION DE SEGURIDAD A BASE DE CERCA ELECTRIFICADA COLOCADA EN LA PARTE SUPERIOR DE LA BARDA EXISTENTE CON UN ALTURA DE CERCA DE 1 M. X 100 MTS DE LARGO. $800.00 EL M2 INCLUYE MATERIAL PRUEBAS DE OPERACION Y MANO DE OBRA, $800.00 ," $1,600.00 ",,,,,,,
,,,,,COLOCACION PERIMETRAL DE INSTALACION DE SEGURIDAD A BASE DE CERCA ELECTRIFICADA COLOCADA EN LA PARTE SUPERIOR DE LA BARDA EXISTENTE CON UN ALTURA DE CERCA DE 1 M. X 100 MTS DE LARGO. $800.00 EL M2 INCLUYE MATERIAL PRUEBAS DE OPERACION Y MANO DE OBRA,,,,,,,,,
20,19/12/2013,104,2,M2,COLOCACION PERIMETRAL DE INSTALACION DE SEGURIDAD A BASE DE CERCA ELECTRIFICADA COLOCADA EN LA PARTE SUPERIOR DE LA BARDA EXISTENTE CON UN ALTURA DE CERCA DE 1 M. X 100 MTS DE LARGO. $800.00 EL M2 INCLUYE MATERIAL PRUEBAS DE OPERACION Y MANO DE OBRA, $800.00 ," $1,600.00 ",,,,,,,
,,,,,COLOCACION PERIMETRAL DE INSTALACION DE SEGURIDAD A BASE DE CERCA ELECTRIFICADA COLOCADA EN LA PARTE SUPERIOR DE LA BARDA EXISTENTE CON UN ALTURA DE CERCA DE 1 M. X 100 MTS DE LARGO. $800.00 EL M2 INCLUYE MATERIAL PRUEBAS DE OPERACION Y MANO DE OBRA,,,,,,,,,
21,19/12/2013,105,2,M2,COLOCACION PERIMETRAL DE INSTALACION DE SEGURIDAD A BASE DE CERCA ELECTRIFICADA COLOCADA EN LA PARTE SUPERIOR DE LA BARDA EXISTENTE CON UN ALTURA DE CERCA DE 1 M. X 100 MTS DE LARGO. $800.00 EL M2 INCLUYE MATERIAL PRUEBAS DE OPERACION Y MANO DE OBRA, $800.00 ," $1,600.00 ",,,,,,,
,,,,,COLOCACION PERIMETRAL DE INSTALACION DE SEGURIDAD A BASE DE CERCA ELECTRIFICADA COLOCADA EN LA PARTE SUPERIOR DE LA BARDA EXISTENTE CON UN ALTURA DE CERCA DE 1 M. X 100 MTS DE LARGO. $800.00 EL M2 INCLUYE MATERIAL PRUEBAS DE OPERACION Y MANO DE OBRA,,,,,,,,,
22,19/12/2013,106,2,M2,COLOCACION PERIMETRAL DE INSTALACION DE SEGURIDAD A BASE DE CERCA ELECTRIFICADA COLOCADA EN LA PARTE SUPERIOR DE LA BARDA EXISTENTE CON UN ALTURA DE CERCA DE 1 M. X 100 MTS DE LARGO. $800.00 EL M2 INCLUYE MATERIAL PRUEBAS DE OPERACION Y MANO DE OBRA, $800.00 ," $1,600.00 ",,,,,,,
,,,,,COLOCACION PERIMETRAL DE INSTALACION DE SEGURIDAD A BASE DE CERCA ELECTRIFICADA COLOCADA EN LA PARTE SUPERIOR DE LA BARDA EXISTENTE CON UN ALTURA DE CERCA DE 1 M. X 100 MTS DE LARGO. $800.00 EL M2 INCLUYE MATERIAL PRUEBAS DE OPERACION Y MANO DE OBRA,,,,,,,,,
23,19/12/2013,107,2,M2,COLOCACION PERIMETRAL DE INSTALACION DE SEGURIDAD A BASE DE CERCA ELECTRIFICADA COLOCADA EN LA PARTE SUPERIOR DE LA BARDA EXISTENTE CON UN ALTURA DE CERCA DE 1 M. X 100 MTS DE LARGO. $800.00 EL M2 INCLUYE MATERIAL PRUEBAS DE OPERACION Y MANO DE OBRA, $800.00 ," $1,600.00 ",,,,,,,
,,,,,COLOCACION PERIMETRAL DE INSTALACION DE SEGURIDAD A BASE DE CERCA ELECTRIFICADA COLOCADA EN LA PARTE SUPERIOR DE LA BARDA EXISTENTE CON UN ALTURA DE CERCA DE 1 M. X 100 MTS DE LARGO. $800.00 EL M2 INCLUYE MATERIAL PRUEBAS DE OPERACION Y MANO DE OBRA,,,,,,,,,
24,19/12/2013,108,2,M2,COLOCACION PERIMETRAL DE INSTALACION DE SEGURIDAD A BASE DE CERCA ELECTRIFICADA COLOCADA EN LA PARTE SUPERIOR DE LA BARDA EXISTENTE CON UN ALTURA DE CERCA DE 1 M. X 100 MTS DE LARGO. $800.00 EL M2 INCLUYE MATERIAL PRUEBAS DE OPERACION Y MANO DE OBRA, $800.00 ," $1,600.00 ",,,,,,,
,,,,,COLOCACION PERIMETRAL DE INSTALACION DE SEGURIDAD A BASE DE CERCA ELECTRIFICADA COLOCADA EN LA PARTE SUPERIOR DE LA BARDA EXISTENTE CON UN ALTURA DE CERCA DE 1 M. X 100 MTS DE LARGO. $800.00 EL M2 INCLUYE MATERIAL PRUEBAS DE OPERACION Y MANO DE OBRA,,,,,,,,,
25,19/12/2013,109,2,M2,COLOCACION PERIMETRAL DE INSTALACION DE SEGURIDAD A BASE DE CERCA ELECTRIFICADA COLOCADA EN LA PARTE SUPERIOR DE LA BARDA EXISTENTE CON UN ALTURA DE CERCA DE 1 M. X 100 MTS DE LARGO. $800.00 EL M2 INCLUYE MATERIAL PRUEBAS DE OPERACION Y MANO DE OBRA, $800.00 ," $1,600.00 ",,,,,,,
,,,,,COLOCACION PERIMETRAL DE INSTALACION DE SEGURIDAD A BASE DE CERCA ELECTRIFICADA COLOCADA EN LA PARTE SUPERIOR DE LA BARDA EXISTENTE CON UN ALTURA DE CERCA DE 1 M. X 100 MTS DE LARGO. $800.00 EL M2 INCLUYE MATERIAL PRUEBAS DE OPERACION Y MANO DE OBRA,,,,,,,,,
26,19/12/2013,110,2,M2,COLOCACION PERIMETRAL DE INSTALACION DE SEGURIDAD A BASE DE CERCA ELECTRIFICADA COLOCADA EN LA PARTE SUPERIOR DE LA BARDA EXISTENTE CON UN ALTURA DE CERCA DE 1 M. X 100 MTS DE LARGO. $800.00 EL M2 INCLUYE MATERIAL PRUEBAS DE OPERACION Y MANO DE OBRA, $800.00 ," $1,600.00 ",,,,,,,
,,,,,COLOCACION PERIMETRAL DE INSTALACION DE SEGURIDAD A BASE DE CERCA ELECTRIFICADA COLOCADA EN LA PARTE SUPERIOR DE LA BARDA EXISTENTE CON UN ALTURA DE CERCA DE 1 M. X 100 MTS DE LARGO. $800.00 EL M2 INCLUYE MATERIAL PRUEBAS DE OPERACION Y MANO DE OBRA,,,,,,,,,
27,19/12/2013,111,2,M2,COLOCACION PERIMETRAL DE INSTALACION DE SEGURIDAD A BASE DE CERCA ELECTRIFICADA COLOCADA EN LA PARTE SUPERIOR DE LA BARDA EXISTENTE CON UN ALTURA DE CERCA DE 1 M. X 100 MTS DE LARGO. $800.00 EL M2 INCLUYE MATERIAL PRUEBAS DE OPERACION Y MANO DE OBRA, $800.00 ," $1,600.00 ",,,,,,,
,,,,,COLOCACION PERIMETRAL DE INSTALACION DE SEGURIDAD A BASE DE CERCA ELECTRIFICADA COLOCADA EN LA PARTE SUPERIOR DE LA BARDA EXISTENTE CON UN ALTURA DE CERCA DE 1 M. X 100 MTS DE LARGO. $800.00 EL M2 INCLUYE MATERIAL PRUEBAS DE OPERACION Y MANO DE OBRA,,,,,,,,,
28,19/12/2013,112,2,M2,COLOCACION PERIMETRAL DE INSTALACION DE SEGURIDAD A BASE DE CERCA ELECTRIFICADA COLOCADA EN LA PARTE SUPERIOR DE LA BARDA EXISTENTE CON UN ALTURA DE CERCA DE 1 M. X 100 MTS DE LARGO. $800.00 EL M2 INCLUYE MATERIAL PRUEBAS DE OPERACION Y MANO DE OBRA, $800.00 ," $1,600.00 ",,,,,,,
,,,,,COLOCACION PERIMETRAL DE INSTALACION DE SEGURIDAD A BASE DE CERCA ELECTRIFICADA COLOCADA EN LA PARTE SUPERIOR DE LA BARDA EXISTENTE CON UN ALTURA DE CERCA DE 1 M. X 100 MTS DE LARGO. $800.00 EL M2 INCLUYE MATERIAL PRUEBAS DE OPERACION Y MANO DE OBRA,,,,,,,,,
29,19/12/2013,113,2,M2,COLOCACION PERIMETRAL DE INSTALACION DE SEGURIDAD A BASE DE CERCA ELECTRIFICADA COLOCADA EN LA PARTE SUPERIOR DE LA BARDA EXISTENTE CON UN ALTURA DE CERCA DE 1 M. X 100 MTS DE LARGO. $800.00 EL M2 INCLUYE MATERIAL PRUEBAS DE OPERACION Y MANO DE OBRA, $800.00 ," $1,600.00 ",,,,,,,
,,,,,COLOCACION PERIMETRAL DE INSTALACION DE SEGURIDAD A BASE DE CERCA ELECTRIFICADA COLOCADA EN LA PARTE SUPERIOR DE LA BARDA EXISTENTE CON UN ALTURA DE CERCA DE 1 M. X 100 MTS DE LARGO. $800.00 EL M2 INCLUYE MATERIAL PRUEBAS DE OPERACION Y MANO DE OBRA,,,,,,,,,
30,19/12/2013,114,2,M2,COLOCACION PERIMETRAL DE INSTALACION DE SEGURIDAD A BASE DE CERCA ELECTRIFICADA COLOCADA EN LA PARTE SUPERIOR DE LA BARDA EXISTENTE CON UN ALTURA DE CERCA DE 1 M. X 100 MTS DE LARGO. $800.00 EL M2 INCLUYE MATERIAL PRUEBAS DE OPERACION Y MANO DE OBRA, $800.00 ," $1,600.00 ",,,,,,,
,,,,,COLOCACION PERIMETRAL DE INSTALACION DE SEGURIDAD A BASE DE CERCA ELECTRIFICADA COLOCADA EN LA PARTE SUPERIOR DE LA BARDA EXISTENTE CON UN ALTURA DE CERCA DE 1 M. X 100 MTS DE LARGO. $800.00 EL M2 INCLUYE MATERIAL PRUEBAS DE OPERACION Y MANO DE OBRA,,,,,,,,,
31,19/12/2013,115,2,M2,COLOCACION PERIMETRAL DE INSTALACION DE SEGURIDAD A BASE DE CERCA ELECTRIFICADA COLOCADA EN LA PARTE SUPERIOR DE LA BARDA EXISTENTE CON UN ALTURA DE CERCA DE 1 M. X 100 MTS DE LARGO. $800.00 EL M2 INCLUYE MATERIAL PRUEBAS DE OPERACION Y MANO DE OBRA, $800.00 ," $1,600.00 ",,,,,,,
,,,,,COLOCACION PERIMETRAL DE INSTALACION DE SEGURIDAD A BASE DE CERCA ELECTRIFICADA COLOCADA EN LA PARTE SUPERIOR DE LA BARDA EXISTENTE CON UN ALTURA DE CERCA DE 1 M. X 100 MTS DE LARGO. $800.00 EL M2 INCLUYE MATERIAL PRUEBAS DE OPERACION Y MANO DE OBRA,,,,,,,,,
32,19/12/2013,116,2,M2,COLOCACION PERIMETRAL DE INSTALACION DE SEGURIDAD A BASE DE CERCA ELECTRIFICADA COLOCADA EN LA PARTE SUPERIOR DE LA BARDA EXISTENTE CON UN ALTURA DE CERCA DE 1 M. X 100 MTS DE LARGO. $800.00 EL M2 INCLUYE MATERIAL PRUEBAS DE OPERACION Y MANO DE OBRA, $800.00 ," $1,600.00 ",,,,,,,
,,,,,COLOCACION PERIMETRAL DE INSTALACION DE SEGURIDAD A BASE DE CERCA ELECTRIFICADA COLOCADA EN LA PARTE SUPERIOR DE LA BARDA EXISTENTE CON UN ALTURA DE CERCA DE 1 M. X 100 MTS DE LARGO. $800.00 EL M2 INCLUYE MATERIAL PRUEBAS DE OPERACION Y MANO DE OBRA,,,,,,,,,
33,19/12/2013,117,2,M2,COLOCACION PERIMETRAL DE INSTALACION DE SEGURIDAD A BASE DE CERCA ELECTRIFICADA COLOCADA EN LA PARTE SUPERIOR DE LA BARDA EXISTENTE CON UN ALTURA DE CERCA DE 1 M. X 100 MTS DE LARGO. $800.00 EL M2 INCLUYE MATERIAL PRUEBAS DE OPERACION Y MANO DE OBRA, $800.00 ," $1,600.00 ",,,,,,,
,,,,,COLOCACION PERIMETRAL DE INSTALACION DE SEGURIDAD A BASE DE CERCA ELECTRIFICADA COLOCADA EN LA PARTE SUPERIOR DE LA BARDA EXISTENTE CON UN ALTURA DE CERCA DE 1 M. X 100 MTS DE LARGO. $800.00 EL M2 INCLUYE MATERIAL PRUEBAS DE OPERACION Y MANO DE OBRA,,,,,,,,,
34,19/12/2013,118,2,M2,COLOCACION PERIMETRAL DE INSTALACION DE SEGURIDAD A BASE DE CERCA ELECTRIFICADA COLOCADA EN LA PARTE SUPERIOR DE LA BARDA EXISTENTE CON UN ALTURA DE CERCA DE 1 M. X 100 MTS DE LARGO. $800.00 EL M2 INCLUYE MATERIAL PRUEBAS DE OPERACION Y MANO DE OBRA, $800.00 ," $1,600.00 ",,,,,,,
,,,,,COLOCACION PERIMETRAL DE INSTALACION DE SEGURIDAD A BASE DE CERCA ELECTRIFICADA COLOCADA EN LA PARTE SUPERIOR DE LA BARDA EXISTENTE CON UN ALTURA DE CERCA DE 1 M. X 100 MTS DE LARGO. $800.00 EL M2 INCLUYE MATERIAL PRUEBAS DE OPERACION Y MANO DE OBRA,,,,,,,,,
35,19/12/2013,119,2,M2,COLOCACION PERIMETRAL DE INSTALACION DE SEGURIDAD A BASE DE CERCA ELECTRIFICADA COLOCADA EN LA PARTE SUPERIOR DE LA BARDA EXISTENTE CON UN ALTURA DE CERCA DE 1 M. X 100 MTS DE LARGO. $800.00 EL M2 INCLUYE MATERIAL PRUEBAS DE OPERACION Y MANO DE OBRA, $800.00 ," $1,600.00 ",,,,,,,
,,,,,COLOCACION PERIMETRAL DE INSTALACION DE SEGURIDAD A BASE DE CERCA ELECTRIFICADA COLOCADA EN LA PARTE SUPERIOR DE LA BARDA EXISTENTE CON UN ALTURA DE CERCA DE 1 M. X 100 MTS DE LARGO. $800.00 EL M2 INCLUYE MATERIAL PRUEBAS DE OPERACION Y MANO DE OBRA,,,,,,,,,
36,19/12/2013,120,2,M2,COLOCACION PERIMETRAL DE INSTALACION DE SEGURIDAD A BASE DE CERCA ELECTRIFICADA COLOCADA EN LA PARTE SUPERIOR DE LA BARDA EXISTENTE CON UN ALTURA DE CERCA DE 1 M. X 100 MTS DE LARGO. $800.00 EL M2 INCLUYE MATERIAL PRUEBAS DE OPERACION Y MANO DE OBRA, $800.00 ," $1,600.00 ",,,,,,,
,,,,,COLOCACION PERIMETRAL DE INSTALACION DE SEGURIDAD A BASE DE CERCA ELECTRIFICADA COLOCADA EN LA PARTE SUPERIOR DE LA BARDA EXISTENTE CON UN ALTURA DE CERCA DE 1 M. X 100 MTS DE LARGO. $800.00 EL M2 INCLUYE MATERIAL PRUEBAS DE OPERACION Y MANO DE OBRA,,,,,,,,,
37,19/12/2013,121,2,M2,COLOCACION PERIMETRAL DE INSTALACION DE SEGURIDAD A BASE DE CERCA ELECTRIFICADA COLOCADA EN LA PARTE SUPERIOR DE LA BARDA EXISTENTE CON UN ALTURA DE CERCA DE 1 M. X 100 MTS DE LARGO. $800.00 EL M2 INCLUYE MATERIAL PRUEBAS DE OPERACION Y MANO DE OBRA, $800.00 ," $1,600.00 ",,,,,,,
,,,,,COLOCACION PERIMETRAL DE INSTALACION DE SEGURIDAD A BASE DE CERCA ELECTRIFICADA COLOCADA EN LA PARTE SUPERIOR DE LA BARDA EXISTENTE CON UN ALTURA DE CERCA DE 1 M. X 100 MTS DE LARGO. $800.00 EL M2 INCLUYE MATERIAL PRUEBAS DE OPERACION Y MANO DE OBRA,,,,,,,,,
38,19/12/2013,122,2,M2,COLOCACION PERIMETRAL DE INSTALACION DE SEGURIDAD A BASE DE CERCA ELECTRIFICADA COLOCADA EN LA PARTE SUPERIOR DE LA BARDA EXISTENTE CON UN ALTURA DE CERCA DE 1 M. X 100 MTS DE LARGO. $800.00 EL M2 INCLUYE MATERIAL PRUEBAS DE OPERACION Y MANO DE OBRA, $800.00 ," $1,600.00 ",,,,,,,
,,,,,COLOCACION PERIMETRAL DE INSTALACION DE SEGURIDAD A BASE DE CERCA ELECTRIFICADA COLOCADA EN LA PARTE SUPERIOR DE LA BARDA EXISTENTE CON UN ALTURA DE CERCA DE 1 M. X 100 MTS DE LARGO. $800.00 EL M2 INCLUYE MATERIAL PRUEBAS DE OPERACION Y MANO DE OBRA,,,,,,,,,
39,19/12/2013,123,2,M2,COLOCACION PERIMETRAL DE INSTALACION DE SEGURIDAD A BASE DE CERCA ELECTRIFICADA COLOCADA EN LA PARTE SUPERIOR DE LA BARDA EXISTENTE CON UN ALTURA DE CERCA DE 1 M. X 100 MTS DE LARGO. $800.00 EL M2 INCLUYE MATERIAL PRUEBAS DE OPERACION Y MANO DE OBRA, $800.00 ," $1,600.00 ",,,,,,,
,,,,,COLOCACION PERIMETRAL DE INSTALACION DE SEGURIDAD A BASE DE CERCA ELECTRIFICADA COLOCADA EN LA PARTE SUPERIOR DE LA BARDA EXISTENTE CON UN ALTURA DE CERCA DE 1 M. X 100 MTS DE LARGO. $800.00 EL M2 INCLUYE MATERIAL PRUEBAS DE OPERACION Y MANO DE OBRA,,,,,,,,,
40,19/12/2013,124,2,M2,COLOCACION PERIMETRAL DE INSTALACION DE SEGURIDAD A BASE DE CERCA ELECTRIFICADA COLOCADA EN LA PARTE SUPERIOR DE LA BARDA EXISTENTE CON UN ALTURA DE CERCA DE 1 M. X 100 MTS DE LARGO. $800.00 EL M2 INCLUYE MATERIAL PRUEBAS DE OPERACION Y MANO DE OBRA, $800.00 ," $1,600.00 ",,,,,,,
,,,,,COLOCACION PERIMETRAL DE INSTALACION DE SEGURIDAD A BASE DE CERCA ELECTRIFICADA COLOCADA EN LA PARTE SUPERIOR DE LA BARDA EXISTENTE CON UN ALTURA DE CERCA DE 1 M. X 100 MTS DE LARGO. $800.00 EL M2 INCLUYE MATERIAL PRUEBAS DE OPERACION Y MANO DE OBRA,,,,,,,,,
41,19/12/2013,125,2,M2,COLOCACION PERIMETRAL DE INSTALACION DE SEGURIDAD A BASE DE CERCA ELECTRIFICADA COLOCADA EN LA PARTE SUPERIOR DE LA BARDA EXISTENTE CON UN ALTURA DE CERCA DE 1 M. X 100 MTS DE LARGO. $800.00 EL M2 INCLUYE MATERIAL PRUEBAS DE OPERACION Y MANO DE OBRA, $800.00 ," $1,600.00 ",,,,,,,
,,,,,COLOCACION PERIMETRAL DE INSTALACION DE SEGURIDAD A BASE DE CERCA ELECTRIFICADA COLOCADA EN LA PARTE SUPERIOR DE LA BARDA EXISTENTE CON UN ALTURA DE CERCA DE 1 M. X 100 MTS DE LARGO. $800.00 EL M2 INCLUYE MATERIAL PRUEBAS DE OPERACION Y MANO DE OBRA,,,,,,,,,
42,19/12/2013,126,2,M2,COLOCACION PERIMETRAL DE INSTALACION DE SEGURIDAD A BASE DE CERCA ELECTRIFICADA COLOCADA EN LA PARTE SUPERIOR DE LA BARDA EXISTENTE CON UN ALTURA DE CERCA DE 1 M. X 100 MTS DE LARGO. $800.00 EL M2 INCLUYE MATERIAL PRUEBAS DE OPERACION Y MANO DE OBRA, $800.00 ," $1,600.00 ",,,,,,,
,,,,,COLOCACION PERIMETRAL DE INSTALACION DE SEGURIDAD A BASE DE CERCA ELECTRIFICADA COLOCADA EN LA PARTE SUPERIOR DE LA BARDA EXISTENTE CON UN ALTURA DE CERCA DE 1 M. X 100 MTS DE LARGO. $800.00 EL M2 INCLUYE MATERIAL PRUEBAS DE OPERACION Y MANO DE OBRA,,,,,,,,,
43,19/12/2013,127,2,M2,COLOCACION PERIMETRAL DE INSTALACION DE SEGURIDAD A BASE DE CERCA ELECTRIFICADA COLOCADA EN LA PARTE SUPERIOR DE LA BARDA EXISTENTE CON UN ALTURA DE CERCA DE 1 M. X 100 MTS DE LARGO. $800.00 EL M2 INCLUYE MATERIAL PRUEBAS DE OPERACION Y MANO DE OBRA, $800.00 ," $1,600.00 ",,,,,,,
,,,,,COLOCACION PERIMETRAL DE INSTALACION DE SEGURIDAD A BASE DE CERCA ELECTRIFICADA COLOCADA EN LA PARTE SUPERIOR DE LA BARDA EXISTENTE CON UN ALTURA DE CERCA DE 1 M. X 100 MTS DE LARGO. $800.00 EL M2 INCLUYE MATERIAL PRUEBAS DE OPERACION Y MANO DE OBRA,,,,,,,,,
44,19/12/2013,128,2,M2,COLOCACION PERIMETRAL DE INSTALACION DE SEGURIDAD A BASE DE CERCA ELECTRIFICADA COLOCADA EN LA PARTE SUPERIOR DE LA BARDA EXISTENTE CON UN ALTURA DE CERCA DE 1 M. X 100 MTS DE LARGO. $800.00 EL M2 INCLUYE MATERIAL PRUEBAS DE OPERACION Y MANO DE OBRA, $800.00 ," $1,600.00 ",,,,,,,
,,,,,COLOCACION PERIMETRAL DE INSTALACION DE SEGURIDAD A BASE DE CERCA ELECTRIFICADA COLOCADA EN LA PARTE SUPERIOR DE LA BARDA EXISTENTE CON UN ALTURA DE CERCA DE 1 M. X 100 MTS DE LARGO. $800.00 EL M2 INCLUYE MATERIAL PRUEBAS DE OPERACION Y MANO DE OBRA,,,,,,,,,
45,19/12/2013,129,2,M2,COLOCACION PERIMETRAL DE INSTALACION DE SEGURIDAD A BASE DE CERCA ELECTRIFICADA COLOCADA EN LA PARTE SUPERIOR DE LA BARDA EXISTENTE CON UN ALTURA DE CERCA DE 1 M. X 100 MTS DE LARGO. $800.00 EL M2 INCLUYE MATERIAL PRUEBAS DE OPERACION Y MANO DE OBRA, $800.00 ," $1,600.00 ",,,,,,,
,,,,,COLOCACION PERIMETRAL DE INSTALACION DE SEGURIDAD A BASE DE CERCA ELECTRIFICADA COLOCADA EN LA PARTE SUPERIOR DE LA BARDA EXISTENTE CON UN ALTURA DE CERCA DE 1 M. X 100 MTS DE LARGO. $800.00 EL M2 INCLUYE MATERIAL PRUEBAS DE OPERACION Y MANO DE OBRA,,,,,,,,,
46,19/12/2013,130,2,M2,COLOCACION PERIMETRAL DE INSTALACION DE SEGURIDAD A BASE DE CERCA ELECTRIFICADA COLOCADA EN LA PARTE SUPERIOR DE LA BARDA EXISTENTE CON UN ALTURA DE CERCA DE 1 M. X 100 MTS DE LARGO. $800.00 EL M2 INCLUYE MATERIAL PRUEBAS DE OPERACION Y MANO DE OBRA, $800.00 ," $1,600.00 ",,,,,,,
,,,,,COLOCACION PERIMETRAL DE INSTALACION DE SEGURIDAD A BASE DE CERCA ELECTRIFICADA COLOCADA EN LA PARTE SUPERIOR DE LA BARDA EXISTENTE CON UN ALTURA DE CERCA DE 1 M. X 100 MTS DE LARGO. $800.00 EL M2 INCLUYE MATERIAL PRUEBAS DE OPERACION Y MANO DE OBRA,,,,,,,,,
47,19/12/2013,131,2,M2,COLOCACION PERIMETRAL DE INSTALACION DE SEGURIDAD A BASE DE CERCA ELECTRIFICADA COLOCADA EN LA PARTE SUPERIOR DE LA BARDA EXISTENTE CON UN ALTURA DE CERCA DE 1 M. X 100 MTS DE LARGO. $800.00 EL M2 INCLUYE MATERIAL PRUEBAS DE OPERACION Y MANO DE OBRA, $800.00 ," $1,600.00 ",,,,,,,
,,,,,COLOCACION PERIMETRAL DE INSTALACION DE SEGURIDAD A BASE DE CERCA ELECTRIFICADA COLOCADA EN LA PARTE SUPERIOR DE LA BARDA EXISTENTE CON UN ALTURA DE CERCA DE 1 M. X 100 MTS DE LARGO. $800.00 EL M2 INCLUYE MATERIAL PRUEBAS DE OPERACION Y MANO DE OBRA,,,,,,,,,
48,19/12/2013,132,2,M2,COLOCACION PERIMETRAL DE INSTALACION DE SEGURIDAD A BASE DE CERCA ELECTRIFICADA COLOCADA EN LA PARTE SUPERIOR DE LA BARDA EXISTENTE CON UN ALTURA DE CERCA DE 1 M. X 100 MTS DE LARGO. $800.00 EL M2 INCLUYE MATERIAL PRUEBAS DE OPERACION Y MANO DE OBRA, $800.00 ," $1,600.00 ",,,,,,,
,,,,,COLOCACION PERIMETRAL DE INSTALACION DE SEGURIDAD A BASE DE CERCA ELECTRIFICADA COLOCADA EN LA PARTE SUPERIOR DE LA BARDA EXISTENTE CON UN ALTURA DE CERCA DE 1 M. X 100 MTS DE LARGO. $800.00 EL M2 INCLUYE MATERIAL PRUEBAS DE OPERACION Y MANO DE OBRA,,,,,,,,,
49,19/12/2013,133,2,M2,COLOCACION PERIMETRAL DE INSTALACION DE SEGURIDAD A BASE DE CERCA ELECTRIFICADA COLOCADA EN LA PARTE SUPERIOR DE LA BARDA EXISTENTE CON UN ALTURA DE CERCA DE 1 M. X 100 MTS DE LARGO. $800.00 EL M2 INCLUYE MATERIAL PRUEBAS DE OPERACION Y MANO DE OBRA, $800.00 ," $1,600.00 ",,,,,,,
,,,,,COLOCACION PERIMETRAL DE INSTALACION DE SEGURIDAD A BASE DE CERCA ELECTRIFICADA COLOCADA EN LA PARTE SUPERIOR DE LA BARDA EXISTENTE CON UN ALTURA DE CERCA DE 1 M. X 100 MTS DE LARGO. $800.00 EL M2 INCLUYE MATERIAL PRUEBAS DE OPERACION Y MANO DE OBRA,,,,,,,,,
50,19/12/2013,134,2,M2,COLOCACION PERIMETRAL DE INSTALACION DE SEGURIDAD A BASE DE CERCA ELECTRIFICADA COLOCADA EN LA PARTE SUPERIOR DE LA BARDA EXISTENTE CON UN ALTURA DE CERCA DE 1 M. X 100 MTS DE LARGO. $800.00 EL M2 INCLUYE MATERIAL PRUEBAS DE OPERACION Y MANO DE OBRA, $800.00 ," $1,600.00 "," $80,000.00 "," $12,800.00 "," $92,800.00 "," $184,672.00 ",,,
,,,,,,,,,,,,,,
,,,,,,,,,,,,,,
,,,,,,,,,,,,,,
,,,,,,,,,,,,,,
,,,,,,,,,,,,,,
,,,,,,,,,,,,,,
,,,,,,,,,,,,,,
,,,,,,,,,,,,,,
